{
  "mae": 9.754981785278009,
  "r2": 0.9495287293079151,
  "n": 125
}